country_name,country
Antarctica,
South Georgia and the South Sandwich Islands,
Bouvet Island,
Heard Island and McDonald Islands,
Falkland Islands,
French Southern and Antarctic Lands,
New Zealand,New Zealand
Argentina,Argentina
Uruguay,Uruguay
Chile,Chile
Lesotho,Lesotho
Norfolk Island,
South Africa,South Africa
Australia,Australia
Swaziland,
Pitcairn,
Paraguay,Paraguay
Botswana,Botswana
Namibia,Namibia
New Caledonia,
Cook Islands,
Reunion,
Mauritius,
Madagascar,Madagascar
Tonga,
Zimbabwe,Zimbabwe
Niue,
Mozambique,Mozambique
Fiji,Fiji
Bolivia,Bolivia
"Bolivia, Plurinational State of",
Vanuatu,
"Saint Helena, Ascension and Tristan da Cunha",
French Polynesia,
Zambia,Zambia
American Samoa,
Samoa,
Malawi,Malawi
Wallis and Futuna,
Mayotte,
Angola,Angola
Cocos (Keeling) Islands,
Comoros,Comoros
Christmas Island,
Brazil,Brazil
Peru,Peru
Tokelau,
Timor-Leste,Timor-Leste
Solomon Islands,
Tuvalu,
British Indian Ocean Territory,
Papua New Guinea,Papua New Guinea
"Tanzania, United Republic of",Tanzania
Indonesia,Indonesia
Seychelles,Seychelles
Burundi,Burundi
Ecuador,Ecuador
Rwanda,Rwanda
Republic of the Congo,Congo (Brazzaville)
Gabon,Gabon
Nauru,
Democratic Republic of the Congo,Congo (Kinshasa)
Kenya,Kenya
Sao Tome and Principe,Sao Tome and Principe
Uganda,Uganda
Singapore,Singapore
Kiribati,
Equatorial Guinea,Equatorial Guinea
Malaysia,Malaysia
Maldives,Maldives
Colombia,Colombia
French Guiana,
Suriname,Suriname
Brunei,Brunei
Brunei Darussalam,
Guyana,Guyana
Cameroon,Cameroon
Liberia,Liberia
"Micronesia, Federated States of",
Central African Republic,Central African Republic
Sri Lanka,Sri Lanka
Palau,
Cote d'Ivoire,Cote d'Ivoire
Ethiopia,Ethiopia
Ghana,Ghana
Ivory Coast,
Togo,Togo
Venezuela,Venezuela
"Venezuela, Bolivarian Republic of",
Sierra Leone,Sierra Leone
Marshall Islands,
Panama,Panama
Benin,Benin
Costa Rica,Costa Rica
Nigeria,Nigeria
Somalia,Somalia
Guinea,Guinea
Trinidad & Tobago,
Trinidad and Tobago,Trinidad and Tobago
Djibouti,Djibouti
Guinea-Bissau,Guinea-Bissau
Grenada,Grenada
Netherlands Antilles,
Aruba,
Burkina Faso,Burkina Faso
Cambodia,Cambodia
Nicaragua,Nicaragua
Philippines,Philippines
Barbados,Barbados
Saint Vincent & the Grenadines,
Saint Vincent and the Grenadines,Saint Vincent and the Grenadines
St. Vincent and the Grenadines,
The Gambia,Gambia
Guam,
El Salvador,El Salvador
Saint Lucia,Saint Lucia
Senegal,Senegal
Martinique,Mauritania
Chad,Chad
Eritrea,Eritrea
Honduras,Honduras
Sudan,Sudan
Thailand,Thailand
Yemen,Yemen
Northern Mariana Islands,
Dominica,Dominica
Guatemala,Guatemala
Cape Verde,Cabo Verde
Niger,Niger
Viet Nam,
Vietnam,Vietnam
Guadeloupe,
Montserrat,
Mali,Mali
Antigua and Barbuda,Antigua and Barbuda
Belize,Belize
Saint Kitts and Nevis,Saint Kitts and Nevis
Lao People's Democratic Republic,Laos
Anguilla,
Jamaica,Jamaica
Puerto Rico,
"Virgin Islands, U.S.",
"Virgin Islands, British",
Dominican Republic,Dominican Republic
Haiti,Haiti
United States Minor Outlying Islands,
Cayman Islands,
India,India
Mauritania,Mauritius
Oman,Oman
Cuba,Cuba
Turks and Caicos Islands,
Burma,Burma
Myanmar,
Macao,
Hong Kong,
Mexico,Mexico
Taiwan,Taiwan*
Bangladesh,Bangladesh
United Arab Emirates,United Arab Emirates
The Bahamas,Bahamas
Western Sahara,Western Sahara
Libya,Libya
Libyan Arab Jamahiriya,
Saudi Arabia,Saudi Arabia
Qatar,Qatar
Bahrain,Bahrain
Egypt,Egypt
Bhutan,Bhutan
Algeria,Algeria
Nepal,Nepal
Kuwait,Kuwait
Pakistan,Pakistan
Jordan,Jordan
Israel,Israel
Iran (Islamic Republic of),Iran
Morocco,Morocco
Occupied Palestinian Territory,West Bank and Gaza
Bermuda,
Afghanistan,Afghanistan
Iraq,Iraq
Lebanon,Lebanon
Tunisia,Tunisia
Mainland China,China
Cyprus,Cyprus
Diamond Princess Cruise Ship,Diamond Princess
Syria,Syria
Malta,Malta
Japan,Japan
Gibraltar,
"Korea, Republic of",
Republic of Korea,
USA,US
Greece,Greece
Tajikistan,Tajikistan
Turkey,Turkey
Portugal,Portugal
Armenia,Armenia
"Korea, Democratic People's Republic of","Korea, South"
Spain,Spain
Turkmenistan,
Azerbaijan,Azerbaijan
Albania,Albania
Kyrgyzstan,Kyrgyzstan
Uzbekistan,Uzbekistan
North Macedonia,North Macedonia
Holy See (Vatican City),Holy See
Georgia,Georgia
Montenegro,Montenegro
Andorra,Andorra
Italy,Italy
Bulgaria,Bulgaria
Monaco,Monaco
San Marino,San Marino
Bosnia and Herzegovina,Bosnia and Herzegovina
Serbia,Serbia
Croatia,Croatia
France,France
Mongolia,Mongolia
Romania,Romania
Slovenia,Slovenia
Saint Pierre and Miquelon,
Hungary,Hungary
"Moldova, Republic of",Moldova
Switzerland,Switzerland
Liechtenstein,Liechtenstein
Austria,Austria
Kazakhstan,Kazakhstan
Slovakia,Slovakia
Ukraine,Ukraine
Jersey,
Guernsey,
Czech Republic,Czechia
Luxembourg,Luxembourg
Belgium,Belgium
Germany,Germany
Poland,Poland
Netherlands,Netherlands
Belarus,Belarus
Ireland,Ireland
UK,United Kingdom
Isle of Man,
Denmark,Denmark
Lithuania,Lithuania
Latvia,Latvia
Estonia,Estonia
Canada,Canada
Russia,Russia
Russian Federation,
Faroe Islands,
Norway,Norway
Sweden,Sweden
Finland,Finland
Iceland,Iceland
Greenland,
Svalbard and Jan Mayen,
MS Zaandam Cruise Ship,MS Zaandam
Saint Martin,
South Sudan,South Sudan
Saint Barthelemy,
Curacao,
Eswatini,Eswatini
Kosovo,Kosovo
West Bank and Gaza,
